{"cameraMode":{"drawMode":0,"name":"Shaded","section":"Shading Mode"},"sceneLighting":true,"audioPlay":false,"sceneViewState":{"showFog":true,"showMaterialUpdate":true,"showSkybox":true,"showFlares":true,"showImageEffects":true,"showParticleSystems":true},"in2DMode":false,"pivot":{"x":5.140625,"y":-4.21356201171875,"z":4.3671875},"rotation":{"x":0.0030000335536897184,"y":0.0017959197284653783,"z":-0.0000037887909911660246,"w":1.000000238418579},"size":32.82008743286133,"orthographic":true}